{"x   o    ": 0.5, "x   o  ox": 0.4595, "x  oo xox": 0.5, "x oooxxox": 0.5, "xxoooxxox": 0.5, "o  x     ": 0.5, "o ox    x": 0.5, "oxoxo   x": 0.5, "oxoxoo xx": 0.5, "       xo": 0.5, " o x   xo": 0.5, " x o   ox": 0.5, "xo x o xo": 0.55, "xo x oxxo": 0.95, "ox o x ox": 0.455, " x   o   ": 0.5, " ox ox   ": 0.49500000000000005, " ox ox  x": 0.95, " xo xo   ": 0.5095000000000001, " x    o  ": 0.5, " o    x  ": 0.5, " xo   ox ": 0.62195, " xo x ox ": 0.95, " ox   xo ": 0.467195, "       ox": 0.5, "o   x  xo": 0.5950000000000001, "ox  x  xo": 0.95, " xo      ": 0.503645, " xo o x  ": 0.5, " ox x o  ": 0.5, " xoooxx  ": 0.5, " oxxxoo  ": 0.5, "oxoooxxx ": 0.55, "oxoooxxxx": 0.95, "xoxxxooo ": 0.455, "     o x ": 0.5, "   oxx o ": 0.5, "   xoo x ": 0.5, "   oxxoox": 0.55, "  xoxxoox": 0.95, "   xooxxo": 0.455, " ox    xo": 0.5, " xo    ox": 0.5, "ooxx   xo": 0.5, "xxoo   ox": 0.55, "xxoox oox": 0.95, "ooxxo xxo": 0.05, "x o      ": 0.5, "x o o x  ": 0.545, "x oxo x  ": 1.0, "o x x o  ": 0.4595, "  o    x ": 0.51355, "  x    o ": 0.5, "  oo x x ": 0.5, "  xx o o ": 0.5, "  oo xoxx": 0.5, "  xx oxoo": 0.5, "x oooxoxx": 0.5, "xxoooxoxx": 0.5, "o xxxoxoo": 0.5, "  xo     ": 0.505, "  ox     ": 0.5, "  xox o  ": 0.5, "x oxo x o": 0.95, "o xox o x": 0.05, " ox      ": 0.5045, " ox o   x": 0.49550000000000005, " xo x   o": 0.5095000000000001, "x  o     ": 0.5, "o  x o x ": 0.5, "x  o x o ": 0.5, "ox x oox ": 0.55, "ox xxoox ": 0.95, "xo o xxo ": 0.455, "    xo   ": 0.5, "    ox   ": 0.505, "o x ox   ": 0.55, "o x oxo x": 1.0, "x o xox o": 0.05, "  o x    ": 0.5, "  x o    ": 0.5095000000000001, "  oox   x": 0.55, "x oox   x": 0.95, "  xxo   o": 0.455, " o x     ": 0.5, " x o     ": 0.5, "oo x   x ": 0.5, "xx o   o ": 0.5950000000000001, "xxxo  oo ": 0.95, "ooox  xx ": 0.05, " x      o": 0.5, " o      x": 0.5, " o    xox": 0.5, " xx  ooxo": 0.55, "xxx  ooxo": 0.95, " oo  xxox": 0.455, "x       o": 0.50405, "o       x": 0.5, "x  xo   o": 0.5950000000000001, "x  xo x o": 0.95, "o  ox   x": 0.46355, "    o  x ": 0.5, "    x  o ": 0.5, "    oo xx": 0.49550000000000005, "    ooxxx": 0.95, "    xx oo": 0.5095000000000001, "x  xo xoo": 0.95, "o  ox oxx": 0.05, "  xoo  x ": 0.5, "  oxx  o ": 0.55, " ooxxx o ": 0.95, " xxooo x ": 0.05, "   xxo  o": 0.5, "  ooox xx": 0.55, "  oooxxxx": 0.95, "  xxxo oo": 0.455, " xo xo x ": 0.95, " x     o ": 0.5, " o     x ": 0.5, " xx o  o ": 0.5950000000000001, "xxx o  o ": 0.95, " oo x  x ": 0.45995, " x oox ox": 0.55, " xxoox ox": 0.95, " o xxo xo": 0.45, "o x      ": 0.5, "x o x o x": 0.95, "o x   x o": 0.41905000000000003, "o      x ": 0.50405, "x      o ": 0.5127805, "xxxo o o ": 0.9505, "ooox x x ": 0.05, " x  o    ": 0.5, " o xxx o ": 0.95, " x  oo x ": 0.45, "  o  x   ": 0.5, "  x  o   ": 0.5, " oo  xx  ": 0.5, " xx  oo  ": 0.55, "xxx ooo  ": 0.95, "ooo xxx  ": 0.05, "x o  xo  ": 0.5, "o x  ox  ": 0.5, "xxoo xo  ": 0.5, "xxoo xoxo": 0.55, "xxooxxoxo": 1.0, "ooxx oxox": 0.455, "  xxo  o ": 0.5, "  oox  x ": 0.55, "oxoox  x ": 1.0, "xoxxo  o ": 0.05, "x   o ox ": 0.5, "x   oooxx": 0.5, "x oxoooxx": 0.5, "xxoxoooxx": 0.5, "o xoxxxoo": 0.5, "x x   oo ": 0.55, "xxx   oo ": 0.95, "o o   xx ": 0.455, "o xx o   ": 0.5, "x oo x   ": 0.5, "oxxx oo  ": 0.5, "xooo xx  ": 0.5, "oxxxxoo o": 0.55, "oxxxxooxo": 0.95, "xooooxx x": 0.455, "xo       ": 0.5, "ox       ": 0.5, "xo  o  x ": 0.5, "ox  x  o ": 0.5, "xoo o  xx": 0.55, "xoo o xxx": 0.95, "oxx x  oo": 0.4555, "  o     x": 0.5, "  x     o": 0.5, "  ox o  x": 0.5, "  xo x  o": 0.5, " xox o ox": 0.5, " oxo x xo": 0.5, "oxox oxox": 0.5, "oxoxxoxox": 0.5, "xoxo xoxo": 0.5, "    o x  ": 0.50405, "    x o  ": 0.5, "   xoox  ": 0.55, "x  xoox  ": 0.95, "   oxxo  ": 0.455, " o   x   ": 0.5, "xx   oo  ": 0.55, "xxx  oo  ": 0.95, "oo   xx  ": 0.4555, "    x oox": 0.55, "x   x oox": 0.95, "    o xxo": 0.455, "xx     oo": 0.55, "xxx    oo": 0.95, "oo     xx": 0.4555, "o   x    ": 0.5, "o oxx    ": 0.55, "o oxxx   ": 0.95, "x xoo    ": 0.455, "o  xx o  ": 0.55, "o  xxxo  ": 0.95, "x  oo x  ": 0.4555, "   ox xo ": 0.5, "   xo ox ": 0.5, " x ox xoo": 0.5, " xooxxxoo": 0.5, "xxooxxxoo": 0.5, " oxxoooxx": 0.5, "x x  o  o": 0.5950000000000001, "xxx  o  o": 0.95, "o o  x  x": 0.45995, "xxx o oo ": 0.95, "ooo x xx ": 0.05, "  o   x  ": 0.505, "o xx  o  ": 0.5, "x oo  x  ": 0.5, "o xx xoo ": 0.55, "o xxxxoo ": 0.95, "x oo oxx ": 0.455, "   x o   ": 0.5, "   o x   ": 0.5, "   xxoo  ": 0.5, "   ooxx  ": 0.5, "ox xxoo  ": 0.55, "xo ooxx  ": 0.45, "   ox    ": 0.5, "   xo    ": 0.5109755, "ooxoxx  x": 0.95, "xx xoo  o": 0.455, " x x o  o": 0.5, " o o x  x": 0.5950000000000001, " oxo x ox": 0.95, " xox o xo": 0.05, "o    x   ": 0.5, "x    o   ": 0.505, "o  xox   ": 0.5, "x  oxo   ": 0.5, "oo xox  x": 0.55, "ooxxox  x": 0.95, "xx oxo  o": 0.45595, "ooxxx o  ": 0.55, "ooxxxxo  ": 0.95, "xxooo x  ": 0.455, "   x    o": 0.5, "   o    x": 0.5045, "ooxo x  x": 1.0, "xxox o  o": 0.05, "   xo xo ": 0.49500000000000005, "x  xo xo ": 0.95, "   ox ox ": 0.5095000000000001, "     x o ": 0.5, "x   ox o ": 0.5, "o   xo x ": 0.55, "ox  xo xo": 0.95045, "xo  ox ox": 0.05, "   o   x ": 0.5, "   x   o ": 0.5045, " x ox ox ": 1.0, "   x  o  ": 0.5, "   o  x  ": 0.5, " xox  o  ": 0.5, " oxo  x  ": 0.5, "xxox  o o": 0.5, "ooxo  x x": 0.55, "ooxo xxox": 0.9505, "xxox ooxo": 0.05, "x oxo    ": 0.55, "o xox    ": 0.460355, "o xox  xo": 0.55, "oxxox  xo": 0.95, "x oxo  ox": 0.455, "      x o": 0.5, "      o x": 0.5, "xo    o x": 0.55, "xo ox o x": 0.9505, "ox xo x o": 0.05, "xo x   o ": 0.49590500000000004, "xo x  xo ": 1.0, "ox o   x ": 0.5095000000000001, "oox     x": 0.55, "oox  xo x": 1.0, "xxo  ox o": 0.05, " xxoo    ": 0.49595000000000006, "xxxoo    ": 0.95, " ooxx    ": 0.5095000000000001, "xx  o  o ": 0.55, "oo  x  x ": 0.4555, "      ox ": 0.5095000000000001, " x o  ox ": 0.55, " o x  xo ": 0.456355, "xo ox    ": 0.55, "xo ox   x": 0.95, "ox xo    ": 0.455, "  x   o  ": 0.5, "o x   ox ": 0.5, "x o   xo ": 0.5950000000000001, "x ox oxo ": 0.95, "o xo xox ": 0.05, " xx   o o": 0.55, "xxx   o o": 0.95, " oo   x x": 0.455, " xoox ox ": 0.95, " oxxo xo ": 0.05, "ox ox  xo": 0.9505, "xo xo  ox": 0.05, " o xo  x ": 0.5, " x ox  o ": 0.5, " ooxox x ": 0.5, " xxoxo o ": 0.5, "xooxoxox ": 0.5, "xooxoxoxx": 0.5, "oxxoxoxo ": 0.5005, "o  o xx  ": 0.5, "x  x oo  ": 0.5, "oo o xx x": 0.55, "ooxo xx x": 0.95, "xx x oo o": 0.4555, "oxox     ": 0.5, "xoxo   ox": 0.55, "xoxox  ox": 0.95, "oxox   xo": 0.4558645, "   x oox ": 0.5, "   o xxo ": 0.5, " xoo xxo ": 0.5, "xoxxoooxx": 0.5, "x     o  ": 0.5, "o  x  x o": 0.5, "x  o  o x": 0.5, "o oxx x o": 0.55, "o oxxxx o": 0.95, "x xoo o x": 0.4555, "ox x o xo": 0.55, "ox xxo xo": 0.95, "xo o x ox": 0.45, "   oo xx ": 0.55, "   oo xxx": 0.95, "   xx oo ": 0.4562195, " xo x  xo": 0.95, "     x  o": 0.5, "     o  x": 0.505, "   xxx oo": 0.95, "     ox  ": 0.5, "     xo  ": 0.5, " o x ox  ": 0.55, "xo x ox  ": 0.95, " x o xo  ": 0.4558645, "o  ox  x ": 0.55, "ox ox  x ": 0.95, "x  xo  o ": 0.45, "      xo ": 0.5, " xo x oxo": 0.95045, " ox o xox": 0.05, "  xo   ox": 0.55, "  xo x ox": 0.95, "  ox   xo": 0.4555, "x xo    o": 0.55, "xxxo o  o": 0.95045, "ooox x  x": 0.05, " ox x   o": 0.5, " xo o   x": 0.5, " oxxxo  o": 0.5, " xooox  x": 0.5, "xoxxxo oo": 0.55, "xoxxxoxoo": 0.95, "oxooox xx": 0.45545, "    xo ox": 0.55, "x   xo ox": 0.95, "    ox xo": 0.4555, "xxx oo  o": 0.95045, "ooo xx  x": 0.05, "     ooxx": 0.5, "     xxoo": 0.5, " x  oooxx": 0.5, " o  xxxoo": 0.55, "oo xxxxoo": 0.9505, "xx ooooxx": 0.05, " oxo x   ": 0.5950000000000001, " oxo x  x": 0.95, " xox o   ": 0.459905, "x oxo xo ": 0.9505, "o xox ox ": 0.05, "   xox  o": 0.5, "   oxo  x": 0.55, "x  oxo ox": 0.95, "o  xox xo": 0.05, " oxo xo x": 0.9508645, " xox ox o": 0.05, "  o   xox": 0.5, "  x xooxo": 0.55, " xx xooxo": 0.95, "  o oxxox": 0.4555, " oxx    o": 0.5, " xoo    x": 0.5, "xoxx   oo": 0.55, "xoxx  xoo": 0.95, "oxoo   xx": 0.45545, " ooxxx   ": 0.95, " x    oox": 0.5, " o    xxo": 0.5, "ox   xoox": 0.55, "oxx  xoox": 0.95,